{"DefaultTint":{"r":0.6000000238418579,"g":0.6000000238418579,"b":0.699999988079071,"a":0.0},"FoldersData":{"Keys":["e6818f7a2ec69674792ed6a7c35e3000","98aa0f7c5c39ec547ac33b680f0a51ce","e021c599c5ed93945912601f2d2971b0","9f089cdeb105e3e4d946add72ad0b948"],"Values":[{"_guid":"e6818f7a2ec69674792ed6a7c35e3000","_color":{"r":0.2392156571149826,"g":0.800000011920929,"b":0.28221631050109866,"a":0.699999988079071},"_recursive":true},{"_guid":"98aa0f7c5c39ec547ac33b680f0a51ce","_color":{"r":0.2392157018184662,"g":0.8000000715255737,"b":0.2823529541492462,"a":0.699999988079071},"_recursive":true},{"_guid":"e021c599c5ed93945912601f2d2971b0","_color":{"r":0.2392157018184662,"g":0.8000000715255737,"b":0.2823529541492462,"a":0.699999988079071},"_recursive":true},{"_guid":"9f089cdeb105e3e4d946add72ad0b948","_color":{"r":0.2392157018184662,"g":0.8000000715255737,"b":0.2823529541492462,"a":0.699999988079071},"_recursive":true}]}}